"","SCT_snn_res.0.3"
"sample1_AAAGAACTCCAGTGCG-1","3"
"sample1_AACTTCTAGCTATCCA-1","2"
"sample1_ACGGAAGAGTCACTCA-1","3"
"sample1_ACGTAACAGCCTGGAA-1","3"
"sample1_AGCATCATCTGCATGA-1","3"
"sample1_ATCCCTGTCTTGGGCG-1","2"
"sample1_ATTACTCGTACCTTCC-1","6"
"sample1_ATTCGTTTCACTTGGA-1","3"
"sample1_CACTAAGTCCCGTTCA-1","2"
"sample1_CATGCCTAGGCTGAAC-1","2"
"sample1_CCTCAACCATCTTCGC-1","2"
"sample1_CCTGTTGGTCCGGTCA-1","3"
"sample1_CGAGGCTAGGAAACGA-1","2"
"sample1_CTCAGGGAGCTTGTTG-1","0"
"sample1_CTCCCTCCAACACGAG-1","2"
"sample1_CTTCCGACAGAGTTCT-1","3"
"sample1_GATGCTATCTACCTTA-1","2"
"sample1_GCTGGGTTCAGAGCAG-1","2"
"sample1_GTGAGTTAGATACGAT-1","3"
"sample1_GTTGTGAGTACTCCGG-1","2"
"sample1_TAAGCCACAGACCGCT-1","2"
"sample1_TACCCACAGTAAGAGG-1","2"
"sample1_TAGAGTCTCTAGGCCG-1","3"
"sample1_TCATCCGCACCTGCTT-1","2"
"sample1_TCCGATCCAGGTTACT-1","3"
"sample1_TCGACGGGTGCTTATG-1","3"
"sample1_TGCGGCATCTCGCTCA-1","2"
"sample1_TGTGGCGGTACAGGTG-1","2"
"sample2_AAACCCAGTTTCGTAG-1","0"
"sample2_AAACGAACAGTTGGTT-1","1"
"sample2_AACGGGACACTACACA-1","0"
"sample2_AATAGAGGTCATTGCA-1","0"
"sample2_ACAACCAAGGAGAGGC-1","5"
"sample2_ACAACCACAGTCAACT-1","0"
"sample2_ACCATTTAGTACCATC-1","0"
"sample2_ACGGAAGCAGTAACCT-1","1"
"sample2_ACGTCCTAGAGAGGGC-1","0"
"sample2_ACTACGACAAGGTCGA-1","5"
"sample2_ACTACGAGTTGTCATG-1","0"
"sample2_ACTGATGTCGGTCAGC-1","1"
"sample2_AGACTCACACGCACCA-1","1"
"sample2_AGACTCACAGAGTCTT-1","1"
"sample2_AGATAGAGTATGAAAC-1","0"
"sample2_AGGTGTTCAGAGTTGG-1","0"
"sample2_AGGTGTTGTGAGTAGC-1","4"
"sample2_AGTGTTGAGCACGATG-1","4"
"sample2_AGTTAGCAGCTCTGTA-1","1"
"sample2_AGTTCGAGTCCAAAGG-1","0"
"sample2_AGTTCGATCCACTAGA-1","1"
"sample2_ATCGGATGTCTTCTAT-1","4"
"sample2_ATTCTTGGTGTAACGG-1","0"
"sample2_CACCAAAAGTGTACCT-1","0"
"sample2_CAGATCATCCACGAAT-1","1"
"sample2_CATACCCAGCACCCAC-1","0"
"sample2_CATAGACTCTAGTTCT-1","1"
"sample2_CATCGCTCATATACCG-1","0"
"sample2_CATGCCTTCTTCGATT-1","4"
"sample2_CCCGGAAAGGTGATCG-1","4"
"sample2_CCGTAGGCATGTGTCA-1","4"
"sample2_CCTACGTGTGGCGCTT-1","0"
"sample2_CGAGAAGAGCTACGTT-1","0"
"sample2_CGATGGCTCGCATGAT-1","0"
"sample2_CGGGCATTCGGCTATA-1","1"
"sample2_CTTTCGGTCCATGATG-1","1"
"sample2_GAAGAATCACTTACAG-1","5"
"sample2_GATCGTAGTTAGGAGC-1","1"
"sample2_GCAGCTGTCTAACACG-1","0"
"sample2_GCCAACGGTGTCATCA-1","0"
"sample2_GCTGCAGGTCCAACGC-1","0"
"sample2_GGCGTCATCTACAGGT-1","0"
"sample2_GGGATGATCTACTGAG-1","1"
"sample2_GGTAGAGAGCGTTACT-1","1"
"sample2_GTATTTCCACCCAAGC-1","0"
"sample2_GTCCACTGTGTCCGGT-1","4"
"sample2_GTCCTCATCGACATAC-1","4"
"sample2_GTCGTAATCTCGTGAA-1","1"
"sample2_TACAACGGTCCTCCTA-1","0"
"sample2_TACTTACTCTGAGATC-1","0"
"sample2_TACTTGTGTCGGTACC-1","0"
"sample2_TATCCTATCAGCCCAG-1","4"
"sample2_TCACACCCAAACTAAG-1","0"
"sample2_TCAGCCTAGTATGGAT-1","0"
"sample2_TCATATCAGGAGATAG-1","1"
"sample2_TCATCATCAATTGCTG-1","0"
"sample2_TCATCCGTCCAGTGCG-1","1"
"sample2_TCCACGTGTGTCATTG-1","1"
"sample2_TCGCTCAGTGGGACAT-1","0"
"sample2_TCGCTTGCACCCTATC-1","1"
"sample2_TCGGGACGTGAGTTGG-1","4"
"sample2_TCGTAGATCCCTAGGG-1","5"
"sample2_TGCGATAAGCTAGAGC-1","0"
"sample2_TGCGATACAGCACACC-1","6"
"sample2_TGCTTGCGTAACACCT-1","4"
"sample2_TGTAAGCAGCCATTCA-1","1"
"sample2_TGTAGACCACAATGAA-1","1"
"sample2_TGTGGCGCATAACAGA-1","0"
"sample2_TTACCGCGTTGGATCT-1","1"
"sample2_TTCTAGTTCCAACTGA-1","1"
"sample2_TTCTGTACATATCGGT-1","0"
"sample2_TTGGGCGCAATCTGCA-1","1"
