"","PC_1","PC_2","PC_3","PC_4","PC_5","PC_6","PC_7","PC_8","PC_9","PC_10","PC_11","PC_12","PC_13","PC_14","PC_15","PC_16","PC_17","PC_18","PC_19","PC_20","PC_21","PC_22","PC_23","PC_24","PC_25","PC_26","PC_27","PC_28","PC_29","PC_30","PC_31","PC_32","PC_33","PC_34","PC_35","PC_36","PC_37","PC_38","PC_39","PC_40","PC_41","PC_42","PC_43","PC_44","PC_45","PC_46","PC_47","PC_48","PC_49","PC_50"
"sample1_AAAGAACTCCAGTGCG-1",47.05,9.23,-17.52,-23.71,12.46,-12.84,20.01,1.28,2.94,-5.1,-11.45,8,-10.05,1.2,-0.74,4.3,-0.65,-4.29,-0.42,-1.4,1.64,-1.41,1.72,0.72,1.7,5.57,-5.56,1.73,0.07,-4.91,0.93,5.64,-5.51,3.26,4.7,-1.71,5.12,-0.78,0.62,-2.43,-0.75,-0.07,1.08,1.5,-2.02,1.67,-4.3,2.06,-1.76,-1.91
"sample1_AACTTCTAGCTATCCA-1",45.86,-8.04,18.4,16.25,5.93,-1.45,-1.89,17.61,-2.41,-5.99,11.73,-6.07,-1.18,0.34,-5.84,6.01,4.23,4.16,5.44,6.87,3.03,3.75,-7.01,-5.23,-7.39,-7.29,-0.36,0.69,-4.59,6.09,-1.71,-0.42,-0.69,-3.86,5.85,-3.95,2.65,6.73,2.4,-7.4,-2.75,-1.41,1.51,-1.09,2.84,4.4,-2.39,3.2,0.01,1.91
"sample1_ACGGAAGAGTCACTCA-1",32.04,8.51,10.31,-4.58,-0.83,-3.98,15.16,-2.89,3.46,-4.21,-5.12,-15.33,-1.64,-4.35,-1.56,0.46,-1.19,4.17,1.79,0.15,-3.51,-3.6,6.07,4.47,2.77,-6.79,1.31,3.25,-2.42,-0.41,-4.88,-0.96,0.51,2.73,-4.25,0.31,4.18,-3.43,-0.23,0.01,3.05,-2.83,-0.69,0.3,-0.54,3.83,0.65,6.21,5.95,-0.56
"sample1_ACGTAACAGCCTGGAA-1",35.66,-15.84,-7.01,-20.68,14.28,-8.48,6.98,2.12,10.16,0.96,-6.3,0.34,-9.8,0.79,-3.13,6.41,-1.18,1.74,-3.04,2.22,0.6,0.98,-3.39,-6.04,-2.22,0.07,-4.72,-4.63,-2.24,-1.24,-2.04,-4.32,-4.59,-2.18,-0.42,0.06,0.09,-1.45,-0.47,-6.93,2.19,0.94,-1.25,-4.97,4.22,-1.02,0.19,2.05,0.63,-1.61
"sample1_AGCATCATCTGCATGA-1",48.18,-15.49,-7.95,-41.25,15.49,-11.66,2.74,2.16,1.62,5.75,-1.61,7.67,-2.78,3.39,-0.26,5.7,0.81,-4.8,-0.34,1.29,3.97,2.18,-8.01,5.07,-3.33,4.39,-3.6,-2.85,-0.68,-2.65,2.65,-1.24,-3.37,1.71,-0.7,-3.64,-2.32,-1.68,-0.13,-0.12,1.55,-1.51,-2.27,1.57,0.81,2.87,0.16,2.91,4.07,-3.72
"sample1_ATCCCTGTCTTGGGCG-1",40.51,-15.24,-22.77,12.74,-16.41,3.65,11.51,-9.51,-12.91,2.18,-0.24,11.08,7.33,15.58,6.12,4.05,4.69,-2.94,-13.45,-7.6,-10.04,-0.89,-0.79,-5.85,0.96,0.45,-2.44,12.98,-3.6,-2.15,3.74,-9.11,4.98,-1.31,-11.1,5.19,2.05,1.26,0.91,1.73,-0.82,3.05,-1.83,4.21,1.03,-4.33,-3.78,-1.55,-2.24,-4.9
"sample1_ATTACTCGTACCTTCC-1",-6.05,-29.78,8.92,-2.89,0.64,-2.89,-18.58,-18.72,6.52,-7.98,10.36,-5.72,-7.16,13.51,-20.61,-4.6,0.83,19.43,-24.49,-9.29,6.58,-10.47,1.56,6.04,5.45,-12.21,3.41,3.11,10.06,-1.5,-7.97,-5.44,-2.13,11.68,-11.83,20.95,7.88,5.62,0.89,-5.88,18.28,-2.84,5.8,-1.11,11.72,2.54,-10.63,2.27,-3.98,13.53
"sample1_ATTCGTTTCACTTGGA-1",21.35,-21.49,9.97,-23.74,5.24,2.08,-5.43,-3.58,8.67,1.84,0.9,-6.21,1.72,1.25,-4.43,-2.39,-7.73,0.15,-2.6,4.02,2.72,1.25,1,2.71,2.43,0.14,6.83,-0.96,2.48,-2.21,-3.91,-5.43,-1.19,1,-7.01,1.84,-2.73,-0.39,-3.64,0.02,-4.71,0.04,-4.1,0.58,-5.13,1.93,-1.55,0.08,-0.54,-1.71
"sample1_CACTAAGTCCCGTTCA-1",22.17,-13.77,8.41,18.55,4.59,-4.79,-1.51,-1.45,8.05,-6.6,7.65,-7.62,4.22,5.8,0.5,7.89,3.13,7.07,-5.79,3.69,-0.14,-0.79,-6.71,-0.52,-1.32,-4.44,1.97,-5.19,-7.1,-1.58,-0.67,3.82,0.46,0.13,2.18,3.13,-1.73,-3.4,-5.04,-1.4,-4.03,3.38,2.25,-2.84,1.07,-0.78,2.49,1,-0.04,3.23
"sample1_CATGCCTAGGCTGAAC-1",36.86,11.73,-7.66,4.47,-9.31,4.42,-0.07,-5.68,-4.14,-1.02,8.68,1.95,3.9,5.97,6.89,0.03,-0.16,3.88,-21.02,-6.17,1.73,3.95,-3.3,5.46,-5.56,4.49,6.35,0.67,-2.55,6.89,5.01,0.21,6.26,-0.08,-2.71,-4.58,8.85,-0.05,3.27,5.63,-3.29,-4.41,-4.69,4.05,-1.16,4.24,-0.21,-0.41,0.27,-0.47
"sample1_CCTCAACCATCTTCGC-1",42.3,-41.9,-20.66,6.23,-10.42,7.68,-3.63,-20.96,0.83,3.47,22,-2.78,-2.02,18.65,17.46,-8.61,4.12,-5.68,14.03,10.09,-5.85,10.35,-6.05,0.88,-8.99,-5.38,6.27,-3.89,-0.63,6.98,5.29,6.57,7.33,-0.89,-3.57,-0.79,2.5,-5.38,2.67,1.64,-1.39,2.51,7.32,11.59,7.55,4.81,6.6,3.51,-1.68,-1.61
"sample1_CCTGTTGGTCCGGTCA-1",40.14,-23.29,15.72,10.66,2.31,-4.04,-5.49,-9.72,8.15,-7.03,-4.28,-13.82,-2.77,1.57,-8.94,5.28,-9.44,-1.77,2.62,-0.2,-8.52,-6.18,9.71,-3.83,0.99,-14.84,-3.43,-0.42,5.4,6.04,-9.05,-2.38,-1.24,-2.45,-1.56,0.16,-0.03,4.08,0.07,-5.6,3.81,-4.15,3.2,-2.12,4.92,-2.63,2.25,0.56,0.06,1.52
"sample1_CGAGGCTAGGAAACGA-1",49.87,-20.77,8.68,15.73,1.39,0.69,-1.71,-0.55,1.86,-5.81,7.21,0.76,-6.85,-0.3,-3.2,9.93,4.03,-2.97,8.11,-5.62,9.22,-2.3,-0.41,5.01,2.06,-0.4,4.48,-4.17,-1.91,2.63,-7.23,4.07,-1.44,-3.58,4.32,-0.95,1.11,4.64,2.03,-0.49,-2.36,-0.66,-1.24,-0.17,-3.2,-1.48,4.94,-0.19,-2.68,-0.39
"sample1_CTCAGGGAGCTTGTTG-1",7.75,7.76,8.28,-23.46,-0.81,-6.1,-6.8,2.36,2.5,13.93,5.43,-7.43,-6.69,-6.9,5.08,0.38,1.46,-3.15,1.96,-2.02,-3.58,-2.15,3.6,-7.01,2.12,2,8.63,0.59,-9.1,0.16,5.33,-0.41,1.46,-4.36,0.9,-3.81,-0.22,-4.07,0.94,-0.75,-8.32,-5.41,0.52,3.64,-1.32,-3.24,-3.58,-0.15,2.69,-2.8
"sample1_CTCCCTCCAACACGAG-1",39.43,-45.7,5.12,33.84,-7.51,1.29,-1.53,14.6,-3.82,11.15,2.97,-6.6,4.04,1.48,-9.04,15.2,1.24,-0.26,3.25,2.74,10.46,-7.79,10.11,8.06,-0.94,0.57,-5.64,4.68,-0.78,2.46,2.8,11.02,0.52,8.43,1.99,-1.56,-3.15,-3.19,3.78,1.66,-2.5,1.2,8.42,-4.57,1.35,11.99,4.74,-4.79,-1.5,-2.14
"sample1_CTTCCGACAGAGTTCT-1",30.71,-9.29,6.36,-30.67,-1.47,8.18,6.33,-1.62,4.93,2.11,-3.11,-3.87,1.31,-0.04,-0.53,-6.26,-8.26,-2.74,-0.09,7.13,4.48,5.93,5.49,9.18,4.4,-0.76,10.15,-0.28,3.77,-1.22,3.41,-4.06,0.96,2.83,-8.03,-0.54,-2.44,1.64,2.56,1.32,1.41,4.33,-1.34,0.6,-0.35,-1.96,2.88,1.33,4.58,-2.25
"sample1_GATGCTATCTACCTTA-1",38.95,-10.83,8.38,8.28,2.85,-0.03,-3.55,8.35,0.78,1.13,9.19,0.74,6.41,3.34,6.27,2.34,-8.2,2.46,-6.24,1.49,-0.53,2.18,0.91,6.25,-4.74,5.31,4.12,-1.01,-6.68,-5.35,2.5,-5.07,0.42,3.61,1.15,-7.69,-0.84,-1.85,4,2.13,0.15,-5.71,-4.03,1.34,-3.04,4.55,1.27,2.82,1.46,-2.72
"sample1_GCTGGGTTCAGAGCAG-1",25.34,-13.75,-2.75,24.15,0.8,1.88,-2.8,14.14,-1.08,4.02,3.52,8.6,5.5,0.72,-7,-2.27,-11.11,-4.26,0.09,3.25,-10.82,4.35,1.94,-9.53,-3.37,1.42,-6.4,3.58,8.09,5.35,4.52,-1.57,2.11,0.74,3.64,-2,-1.98,-1.29,-1.33,-4.1,0.09,1.46,4.53,0.73,4.83,4.88,-4.59,-0.28,-2.43,1.48
"sample1_GTGAGTTAGATACGAT-1",31.66,-5.34,5.21,-1.94,-16.26,12.33,11.04,-11.96,5.89,-2.52,-7.38,-13.5,14.81,-0.29,-1.57,-5.23,0.14,-8.34,-1.76,-7.46,3.45,1.72,-0.46,-0.23,2.3,0.31,2.76,-2.04,3.04,-0.67,2.09,4.03,1.45,-0.95,-0.67,4.99,1.01,-2.81,-4.69,1.79,-6.19,3.06,-0.48,-0.11,2.72,0.54,-3.32,-2.61,-1.38,-3.56
"sample1_GTTGTGAGTACTCCGG-1",21.75,-19.41,24.43,2.68,-12.4,30.03,2.52,15.85,-1.73,11.34,5.71,11.85,5.41,0.76,-10.18,-17.68,-14.26,3.26,8.32,1.13,-0.19,2.39,8.06,4.64,-4.53,-8.24,6.31,-2.23,7.09,6.18,5.78,5.81,2.4,1.62,2.1,-6.47,-8.03,-3.4,-5.4,-8.57,-4.73,-3.94,6.25,-3.76,8.41,3.23,2.07,-4.28,-5.62,-4.32
"sample1_TAAGCCACAGACCGCT-1",47.51,19.26,3.55,2.13,1.68,4.41,15.4,12.43,-1.76,-7.03,-2.83,3.62,-19.09,-13.47,12.39,2.18,7.77,8.8,2.1,3.74,2.41,-0.01,-4.12,7.94,1.76,5.88,2.63,-0.33,-0.26,-0.36,1.62,-0.84,1.03,1.79,0.16,4.19,0.73,-2.36,0.09,-0.81,0.61,0.37,-1.27,3.27,-4.49,0.44,-2.59,-0.09,-1.55,-1.37
"sample1_TACCCACAGTAAGAGG-1",29.25,-14.42,-15.07,32.94,-3.01,6.36,2.57,-8.57,-1.03,-5.95,2.63,11.11,2.64,0.68,-1.99,2.72,3.18,-1.83,-1.77,-15.49,4.01,2.22,-3.23,0.72,-1.64,6.1,2.3,-5.53,-2.02,3.26,-3.82,0.94,3.11,-0.76,4.62,6.83,2.81,-1.31,-8.26,0.98,4.94,0.32,-8.89,-3.55,0,-2.91,0.78,0.7,-0.48,2.34
"sample1_TAGAGTCTCTAGGCCG-1",36.74,5.62,-5.16,-0.4,12.6,-10.57,12.69,2.85,7.12,-6,-4.8,-9.56,-1.08,-2.1,-1.3,0.38,0.06,4.93,0.34,-2.55,-0.61,-1.51,1.25,0.26,-5.42,-1.09,0.77,-1.52,-2.03,3.02,-1.34,1.28,-1.58,-1.22,1.95,-1.77,-0.2,-2.58,4.17,3.1,4.51,-2.68,1.45,3.88,-1.08,2,1.07,-0.49,0.99,0.42
"sample1_TCATCCGCACCTGCTT-1",37.93,-34.97,10.5,13.26,9.74,-1.62,-5.69,11.72,-1.34,11.39,5.15,1.21,1.87,-2.85,-4.2,2.41,-5.54,1.21,1.49,1.04,-7.29,-3.2,5.19,5.42,-2.81,-0.69,2.98,-3.25,-2.6,1.99,1.89,-1.32,1.08,-2.92,0.8,-1.89,1.87,1.38,-1.14,-2.36,-3.22,-8.19,-6.28,1.25,4.25,-0.02,5.58,5.13,5.06,-2.63
"sample1_TCCGATCCAGGTTACT-1",23.72,-14.51,-10.11,-12.84,5,-11.07,4.86,0.77,-0.75,8.38,4.43,-5.96,-8.63,-2.88,0.18,-2.67,-12.83,-0.83,4.88,7.7,-4.28,2.5,5,0.85,1.11,-6.63,0.16,0.86,-2.1,-3.28,-4.65,-6.3,5.03,2.54,-5.38,-8.77,-2.27,2.08,1.23,-1.15,0.72,0.79,-4.49,-4.73,-2.97,-2.67,6.99,1.01,-4.51,5.21
"sample1_TCGACGGGTGCTTATG-1",50.1,-30.28,-22.93,2.39,-3.06,3.07,5.53,-11.36,11.08,5.6,-13.94,-5,3.25,5.35,3.98,3.97,-3.7,-2.83,-6.34,-13.96,5.6,5.75,5.23,-4.78,-5.09,8.43,1.31,4.89,-3.3,6.01,2.9,5.2,8.77,-1.57,0.97,0.69,9.44,3.47,-2.74,10.46,-1.19,2.38,0.29,0.17,3.03,5.48,0.3,2.4,0.49,0.94
"sample1_TGCGGCATCTCGCTCA-1",27.23,-10.82,2.34,21.22,2.81,-2.2,2.65,8.38,4.31,4.53,5.97,-2.53,6.33,-1.18,-2.51,5.58,-4.22,4.14,1.86,-0.14,-7.88,-4.05,1.2,-2.24,-5.08,-0.03,-5.19,1.96,0.25,4.57,-0.5,2.47,5.14,0.26,-1.63,0.38,-5.65,-6.55,-0.74,-5.46,1.92,-3.65,3.53,-1.77,8.12,1.86,1.71,-2.78,-0.76,-1.87
"sample1_TGTGGCGGTACAGGTG-1",16,-1.69,10.4,28.94,-1.56,-2.66,1.02,6.18,-1.21,2.68,1.99,-8.09,4.43,0.57,-3.11,13.18,4.93,-1.04,-2.34,10.27,-3.68,-1.49,-4.45,1.96,1.36,-9.26,-0.94,-6.25,-0.15,-1.88,-4.44,3.62,-6.51,1.94,-5.25,-10.86,-3.58,-0.87,-0.27,-5.55,0.62,-6.04,2.5,-5.31,3.27,1.83,-0.86,-0.9,0.08,-6.3
"sample2_AAACCCAGTTTCGTAG-1",2.01,8.25,3.72,-9.02,2.54,-2.5,-7.47,-2.13,-4.16,-2.73,2.28,-3.26,-1.59,-1.48,-3.46,3.58,-4.52,0.55,-1.68,-3.94,1.52,3.41,-2.27,-0.66,-0.52,0.16,-1.37,-3.37,0.24,2.16,-0.08,2.43,2.53,-1.61,3.67,-2.16,-1.16,-1.06,0.65,-3.77,2.06,0.44,2.74,2.09,-2.77,1.82,-2.38,0.68,1.9,-1.55
"sample2_AAACGAACAGTTGGTT-1",-14.82,15.06,-1.91,8.42,13.2,7.66,2.92,-15.43,2.08,3.47,1.48,3.89,-5.01,-2.07,-3.13,5.33,-2.48,3.3,-1.18,-5.47,5.66,5,-1.23,-6.88,3.88,-2.9,6.05,0.35,-6.83,-0.62,-0.16,-2.72,6.37,4.26,1.85,-4.61,-4.84,-3.47,0.09,-8.41,0.8,4.16,-1.95,2.22,1.9,3.24,4.21,-2.09,0.77,-2.07
"sample2_AACGGGACACTACACA-1",1,4.58,14.71,2.81,1.76,-6.61,-5.79,-5.4,-5.68,5.65,-3.67,0.85,8.73,1.59,2.59,1.89,-4.02,8.28,3.51,4.12,-2.5,3.99,2.9,-0.22,-4.72,4.13,2,4.74,-1.17,-9.26,-0.88,4.93,0.49,-7.24,-1.92,2.86,0.33,0.53,-0.74,-1.26,5.61,0.2,3.55,-0.52,3.35,-1.04,4.77,-0.37,2.78,0.25
"sample2_AATAGAGGTCATTGCA-1",2.02,29.2,1.94,-1.3,-10.65,-3.95,1.31,-7.92,-1.08,6.2,0.35,3.46,-0.99,-4.36,-6.43,-0.54,-2.08,0.48,6.06,1.02,-4.04,2.49,-4.64,3.95,2.21,-0.61,-4.67,0.22,-2.14,-1,-2.1,-3.69,-1.34,3.02,1.96,-3.95,-1.94,4.21,-1.12,4.16,-3.36,-7.01,-0.92,0.4,-1.73,0.74,-0.67,-0.35,0,-3.28
"sample2_ACAACCAAGGAGAGGC-1",0.43,17.78,5.45,-4.45,6.73,0.07,0.4,-4.76,-7.03,11.52,0.77,0.89,3.83,-4.93,2.36,-0.52,-5.64,-0.09,-1.37,1.69,0.44,-3.32,-2.89,1.09,-2.66,-3.74,-3.97,-2.72,-4.48,0.02,1.34,1.89,-1.72,2.58,1.02,0.73,-0.09,1.56,1.81,0.95,-0.36,1.86,1.26,0.99,-1.03,-0.66,-4.69,-0.37,-1.51,2.36
"sample2_ACAACCACAGTCAACT-1",2.08,13.49,12.68,-10.9,-2.39,-0.74,-3.79,-1.45,-0.11,-5.79,2.4,1.6,-1.35,-0.07,0.11,-0.12,0.4,3.08,-4,-0.55,-0.32,0.39,1.17,-1.35,-0.21,-1.95,0.89,0.01,-3.96,-0.42,1.65,-0.71,1.87,1.11,1.11,1.68,0.82,-0.24,0.39,-1.03,-1.47,1.08,0.87,-0.94,2.04,-0.21,0.21,0.36,-0.65,-1.19
"sample2_ACCATTTAGTACCATC-1",-8.86,-18.96,4.1,-0.52,-2.62,-3.44,-4.85,-19.81,-1.89,-14.04,1.44,3.12,-6.85,1.53,-6.49,-5.17,1.27,-1.81,3.47,-0.97,1.9,-0.01,-2.86,3.47,6.91,-0.74,-6.08,0.42,3.27,2.6,-1.57,-4.16,1.2,3.72,-2.05,3.07,-2.05,1.46,-3.5,1.52,2.92,-0.59,7.89,-1.5,-0.78,-1.9,3.65,-5.67,-1.63,6.51
"sample2_ACGGAAGCAGTAACCT-1",-2.34,16.64,7.54,4.3,-10.89,-1.94,-4.05,1.24,-7.85,3.77,-7.91,-7.98,-4.28,2.58,-5.23,0.87,3.36,3.63,-2.72,15.34,2.25,6.02,1.75,-4.44,-2.43,12.02,-0.87,6.77,3.28,3.43,-2.16,4.62,1.17,-0.84,4.74,2.32,1.91,1.25,-0.14,1.73,4.26,1.96,1.76,1.26,6.35,-2.24,0.72,-2.66,-1,0.12
"sample2_ACGTCCTAGAGAGGGC-1",-2.28,-4.23,7.5,-9.41,-1.28,-10.8,-5.36,3.23,-2.67,3.84,4.58,1.82,5.62,-2.12,5.4,2.05,-0.4,0.47,-0.65,-0.31,-3.93,0.65,0.95,-0.62,-2.68,-2.51,3.83,6.23,-2.72,-4.46,0.04,1.19,0.72,5.81,0.48,2.11,-0.77,-4.18,-0.53,-1.86,-0.83,0.68,1.46,-0.93,-3.87,-1.76,3.07,-1.16,-0.22,2.29
"sample2_ACTACGACAAGGTCGA-1",-5.41,16.28,6.16,-2.6,19.31,13.43,-2.5,-7.63,-7.39,8.09,6.9,-3.62,1.25,-7.02,1.37,1.66,0.7,-3.5,-2.45,-4.05,-2.19,1.61,1.93,-7.91,3.3,2.86,3.03,-2.38,-6.13,-2.31,-1.46,2.99,2.84,7.21,1.08,-3.49,0.73,-0.65,2.13,1.62,6.61,-1.54,2.86,4.66,2.76,-3.99,1.37,3.08,-4.92,-0.16
"sample2_ACTACGAGTTGTCATG-1",1.73,26.85,-3.56,-8.45,-1.71,5.84,-6.4,7.28,-1,3.35,-5.25,-2.18,1.31,2.56,5.11,-0.12,4.64,5.73,-1.77,-6.76,-4.11,-7.32,-1.51,-4.71,3.89,0.33,4.91,-2.55,0.28,8.51,-8.23,0.87,-5.27,9.15,1.84,-3.45,4.07,-2.75,2.85,3.22,-3.28,-2.89,-0.53,6.75,1.42,3.38,0.25,6.07,-3.09,1.2
"sample2_ACTGATGTCGGTCAGC-1",5.66,17.38,5.35,-1.03,6.91,-11.22,-10.61,-4.75,-0.57,-4.54,5.19,0.23,4.66,-0.12,4.49,2.64,-4.24,-1.69,2.21,6.8,-3.05,-0.32,5.01,-2.18,5.56,4.37,1.25,0.35,-0.33,0.81,-1.32,2.66,4.04,2.33,-4.4,2.11,0.15,-1.32,0.33,0.52,-1.66,-0.01,-1.16,1.02,2.72,-0.2,-2.89,-2.54,-4.17,-0.92
"sample2_AGACTCACACGCACCA-1",-11.12,19.74,2.01,0.71,-14.95,10.28,-3.28,-0.69,9.85,3.76,-0.05,3.86,-8.53,-5.92,2.13,3.58,-3.81,-5.1,-2.66,-1.03,5.01,-0.56,-1.42,-0.54,9.9,0.11,-2.96,-1.12,-6.5,-2.4,-1.85,0.83,7.02,-3.97,-4.64,-0.34,5.82,3.32,-3.75,-5.18,-1.29,1.24,3.67,1.51,-1.69,0.23,-1.04,3.32,2.67,5.86
"sample2_AGACTCACAGAGTCTT-1",-1.16,26.89,0.19,5.49,-3.36,-7.9,-8.91,-2.56,3.72,3.75,0.59,3.71,-10.67,-3.24,5.03,-2.06,4,-0.66,3.42,0.98,-3.18,-6.46,3.37,-0.32,6.69,2.59,-0.4,6.97,-1.15,3.61,1.71,2.42,-2.88,1.41,1.05,-3.64,0.84,2.58,1.82,1.96,-1.18,2.44,-0.85,-1.68,2.58,1.66,2.15,-3.77,2.67,4.15
"sample2_AGATAGAGTATGAAAC-1",-3.03,-16.64,1.24,-1.24,-0.61,2.02,-14.62,-4.39,3.75,-9.11,-7.79,5.83,6.11,0.98,4.08,1.38,1.87,3.6,-5.24,1.1,-4.07,0.26,-0.17,3.36,1.28,-2.63,-0.7,-2.36,4.7,-1.42,0.73,2.75,2.04,-0.27,3.94,2.27,-0.42,-2.09,1.83,-1.47,2.7,0.31,1.31,-1.92,-3.1,-2.38,2.25,-3.2,-1.87,-1.02
"sample2_AGGTGTTCAGAGTTGG-1",4.86,18.43,10.63,3.3,3.19,-2.24,-0.9,-13.69,-8.15,7.57,-10.09,3.03,2.95,-5.14,-0.51,-1.06,-2.33,-0.63,0.79,-0.26,-4.86,1.48,-0.52,3.99,-3.5,-0.12,-1.75,-2.06,-4.61,2.78,-0.75,-1.98,-0.36,-0.18,-2.77,3.59,-0.18,-0.87,-5.44,-1.89,-0.86,-1.23,-1.48,5.2,-1.49,-0.06,1.17,1.67,1.7,1.68
"sample2_AGGTGTTGTGAGTAGC-1",-24.63,-2.69,1.1,-2.49,-18.07,6.15,1.45,13.23,-3.31,6.44,-3.44,-1.73,10.43,10.35,5.04,1.02,-8.31,0.26,2.52,-6.85,7.91,-7.62,-5.2,-2.18,0.39,-1.18,5.63,3.25,-2.26,-3.18,-0.47,-3.17,-3.58,2.35,-4.58,1.56,0.48,3.9,-4.77,-2.1,-1.02,-0.24,3.24,-0.24,1.02,-0.69,4.7,0.33,2.86,-0.85
"sample2_AGTGTTGAGCACGATG-1",-30.27,-14.25,9.79,-3.11,-22.59,-2.69,17.09,-5.56,-4.3,7.72,-0.98,7.15,-18.76,-8.05,-0.92,10.53,-1.81,2.96,-5.18,-2.48,4.24,2.4,-3.53,-1.92,0.12,-3.43,-0.59,-0.83,2.39,3.13,1.61,0.66,5.83,2.37,-0.51,2.3,-3.16,-1.14,0.78,-3.08,-0.57,1.92,-0.66,0.25,-2.89,-5.3,3.22,0.89,-4.61,0.43
"sample2_AGTTAGCAGCTCTGTA-1",0.14,21.97,-3.68,2.42,-3.38,-3.7,-12.37,-0.45,7.17,-5.65,1.45,4.27,-11.09,-1.16,2.57,-0.99,1.94,-5.34,-1.29,2.91,0.99,-10.32,2.26,1.85,4.55,0.88,4.54,0.1,1.65,2.31,2.22,1.12,2.11,-2.27,-0.75,-1.77,-1.38,1.72,0.85,-0.47,2.54,0.66,-0.72,-1.73,1.34,1.52,-1.83,-0.14,-0.09,3.54
"sample2_AGTTCGAGTCCAAAGG-1",-30.43,47.21,-2.32,4.49,-1.28,5.58,15.33,9.57,9.43,8.34,5.77,-1.09,-5.8,8.84,-9.48,3.42,5.53,-9.97,2.87,-4.13,-1.4,2.41,1.12,3.67,-2.57,-4.38,-3.95,-1.82,0.51,-0.03,-4.99,-3.84,4.67,-9,-3.85,0.02,4.32,-0.65,-3.66,3.44,-5.2,-0.99,4.92,-2.5,-3.43,2.29,-0.44,1.05,4.49,3.99
"sample2_AGTTCGATCCACTAGA-1",-9.69,17.41,-8.59,3.08,3.2,-0.49,-6.9,0.66,-6.04,2.8,3.61,-3.22,-10.22,5.14,-6.88,1.71,3.04,-4.19,-1.92,2.25,2.55,-0.58,3.44,6.27,-0.59,-5.59,-1.05,3.42,2.42,8.23,-2.27,-2.29,-0.68,-6.49,0.42,-2.9,-1.19,-2.04,4.9,2.72,-0.41,4.42,-7.49,-3.75,-2.57,-3.48,3.91,1.65,2.9,0.18
"sample2_ATCGGATGTCTTCTAT-1",-18.77,-14.98,12.88,-6.16,-8.27,6.55,1.79,9.33,-2.72,-2.72,2.08,-12.43,7.45,4.25,6.77,-11.57,2.79,-4.39,0.69,4.69,8.2,6.9,0.98,-3.94,-3.49,6.01,-8.73,3.84,4.1,5.66,-0.06,-3.62,-5.69,0.46,-1.67,1.89,-2.77,4.05,4.25,-3.83,-3.5,-4.97,-1.79,1.35,-1.52,2.41,-2.45,-1.79,5.68,-2.15
"sample2_ATTCTTGGTGTAACGG-1",0.83,14.81,4.24,-2.15,1.79,0.59,-2.97,-0.19,0.64,19.64,-2.2,2.18,-2.2,0.71,5.39,-2.45,6.04,3.81,0.46,-4.76,-1.23,5.65,3.04,0.89,7.41,-1.36,-2.83,2.42,1.65,1.12,-4.16,-2.66,-6.05,-2.61,2.8,3.57,-0.34,-2.35,-0.7,2.33,2.27,-2.99,3.74,1.66,1.55,2.12,-0.94,0.73,-1.58,4.3
"sample2_CACCAAAAGTGTACCT-1",-10.95,5.38,11.24,2.18,-7.28,-2.36,3.8,-5.29,-0.86,4.1,0.99,0.24,1.7,-5.08,-0.1,4.24,-1.03,3.77,1.73,0.24,-5.25,2.75,-3.09,1.3,-2.51,0.53,-8.05,-2.65,-5.82,-5.4,-1.92,0.23,0.52,3.02,-1.55,-1.21,4.3,2.8,1.67,2.36,-4.79,2.19,-1.1,-1.18,1.12,-2.03,-0.46,1.07,2.94,3.02
"sample2_CAGATCATCCACGAAT-1",2.21,8.44,-13.53,8.47,5.06,-4.79,-10.75,5.24,4.96,2.46,-9.43,-1.64,3.26,-6.85,2.2,-14.9,5.7,0.48,3.75,0.21,3.6,-1.66,2.57,-1.26,1.89,-1.32,4.11,1.01,2.07,-2.19,-0.16,-2.98,3.05,-2.66,1.95,2.81,1.33,1.86,3.99,-4.04,-0.57,-1.5,1.02,-0.61,-1.01,4.09,2.97,-0.32,0.2,-1.26
"sample2_CATACCCAGCACCCAC-1",-25.66,-19.07,-3.46,-1.93,-8.86,-8.55,3.98,3.16,2.42,-4.3,8.74,-4.02,-9.1,-0.06,2.47,-3.21,-14.34,-3.19,-2.91,-4.88,19.85,-10.41,2.19,2.41,0.42,0,-3.97,-4.62,11.86,5.44,-0.39,-6.26,-0.86,-12.99,-6.29,-1.33,2.46,3.37,5.89,-7.75,-5.8,9.96,-1.29,-0.09,-4.52,-2.68,4.96,-9.86,4.06,-1.19
"sample2_CATAGACTCTAGTTCT-1",-23.24,-0.31,-0.54,-0.85,-0.69,7.2,0.59,-1.23,5.38,-0.74,6.15,-2.31,-0.52,-1.91,-9.71,-1.11,4.02,-0.55,2.73,-4.95,1.15,-1.44,0.42,-0.78,-0.46,3.88,1.94,2.91,2.99,2.1,1.41,-0.25,-2.25,-1.36,-3.09,-1.12,-2.54,-1.23,0.96,-0.7,-0.63,-0.48,1.4,-1.54,2.17,-0.82,2.87,2.3,0.05,-4.3
"sample2_CATCGCTCATATACCG-1",-17.99,-2.97,10.06,2.26,1.73,-9.43,0.56,2.7,5.21,0.11,-2.41,-0.29,-0.46,12.15,2.03,-2.84,0.46,-0.38,2.85,-3.97,1.24,0.88,0.78,0.17,-0.03,2.09,-3.37,-0.72,-0.32,1.93,-0.04,-1.97,-1.85,-3.47,2.51,-0.75,-1.17,0.38,3.07,2.14,2.76,-2.68,1.35,1.74,-0.66,1.09,-1.62,6.36,2.03,-0.57
"sample2_CATGCCTTCTTCGATT-1",-26.68,-8.48,3.29,9.84,-5.33,3.62,14.56,-18.79,-4.1,4.83,-14.03,10.39,-6.16,-8.17,0.71,10.18,-7.42,8.46,3.85,9.69,-6.68,2.48,-1.94,8.42,-7.42,2.57,0.31,1.06,-3.21,4.43,-5.05,-2.54,-3.99,2.23,-3.55,2.53,1.29,-0.01,0.04,-7.45,0.09,0.36,2,4.37,-1.77,-1.54,-1.1,0.27,3.27,-4.35
"sample2_CCCGGAAAGGTGATCG-1",-11.61,4.99,23.69,-10.38,-11.67,3.78,1.18,1.14,-1.35,4.86,6.12,0.05,1.2,1.1,1.24,6.76,-0.35,-2.98,0.35,-0.37,2.27,1.56,0.05,1.06,-2.1,-3.78,-3.88,6.98,1.53,3.73,3.87,2.28,0.34,5.56,-2.41,5.17,0.37,-6.42,1.59,3.23,3.44,-1.26,-1.69,1.38,-1.89,0.59,0.72,2.34,-3.61,2.58
"sample2_CCGTAGGCATGTGTCA-1",-42.57,-14.45,9.86,-6.72,5.57,17.81,14.37,3.84,-5.54,-6.24,6.8,-5.89,-25.04,-2.84,2.46,11.16,6.52,-2.32,-4.51,-12.72,-9.92,-8.62,-0.96,-0.12,-9.15,8.35,-1.78,-3.56,6.48,-1.72,0.68,-1.11,-0.6,-3.23,-1.21,-5.38,-0.86,-0.24,1.86,2.63,-3.59,3.09,4.38,5.59,2.75,4.42,-1.11,-8.1,0.43,-0.17
"sample2_CCTACGTGTGGCGCTT-1",0.56,-35.76,-24.93,-13.61,7.89,6.26,2.28,-3.85,-15.59,1.1,-7.86,2.74,0.44,-3.08,-1.51,-3.39,7.69,14.35,10.46,0.92,-5.33,-2.65,2.89,8.61,-2.75,-8.63,0.26,-5.04,-12.71,2.51,5.33,-3.11,1.92,-4,-0.93,5.72,-1.13,2.55,5.52,-4.75,-6.54,7.67,-5.59,-2.28,-1.63,1.36,-12.54,-2.47,5.21,-3.99
"sample2_CGAGAAGAGCTACGTT-1",-27.64,-7.96,-15.97,1.36,-6.47,1.32,2.3,2.37,-1.11,-8.14,1.09,-7.13,-7.18,-2.79,-6.95,-6.72,-3.98,-2.59,2.41,-0.83,-2.4,-7.9,-4.86,4.61,-3.81,4.94,1.55,-5.87,-7.12,6.94,3.01,-4.97,-3.24,1.04,-6.61,-2.37,2.29,-1.19,-1.06,2.24,-0.99,5.35,4.06,-3.43,3.22,0.24,-4.49,-1.29,1.41,3.02
"sample2_CGATGGCTCGCATGAT-1",6.98,13.43,7.5,-4.91,2.97,-2.58,-11.47,-2.01,2.28,4.69,-1.29,5.62,3.57,-4.42,2.72,-2.15,8.5,-1.4,0.26,-3.42,-1.94,-3.59,-2.35,1.64,-0.44,-2.7,-1.75,-0.19,1.64,-0.27,3.16,-2.42,1.13,3.13,5.11,-1.99,1.68,2.41,-2.21,1.87,-1.27,0.61,1.36,2.46,2.91,5.34,5.25,3.24,-2.97,0.54
"sample2_CGGGCATTCGGCTATA-1",-19.2,-3.99,6.16,21.05,9.43,-3.71,-3.29,-11.27,1.44,-4.11,-14.47,8.32,0.33,7.63,-4.88,-5.59,1.08,-1.42,0.04,-0.91,0.96,4.28,-4.67,2.93,-1.61,-4.22,-5.47,-0.8,-0.8,5.8,5.57,2.44,-0.08,1.13,-0.74,-1.07,-3.35,-1.17,2.72,0.05,5.26,-2.63,3.58,1.43,1.87,-2.4,3.65,2.41,0.85,2.13
"sample2_CTTTCGGTCCATGATG-1",-26.49,7.7,-0.85,2.16,-3.7,-5.95,2.99,8.51,2.58,9.26,2.46,-0.47,-12.23,-11.4,2.59,3.58,7.62,-8.18,-2.76,-7.56,-6.8,-5.48,-1.72,-0.84,-0.45,-3.35,4.99,4.67,1.35,-1.91,0.94,5.2,-2.3,1.06,0.32,-0.14,2.47,-3.44,1.12,-1.89,-2.53,1.91,-4.66,2.79,2.4,0.38,4.82,9.56,-2.85,-0.83
"sample2_GAAGAATCACTTACAG-1",-6.52,7.16,3.66,-1.2,23.18,13.95,3.19,-10.76,-14.06,10.54,-3.29,-1.66,3.14,-1,-1.63,1.75,0.41,4.55,-1.13,2,-2.38,-5.55,-5.73,-2.38,0.57,-2.84,6.09,-2.43,-1.86,-2.57,1.58,1.69,0.54,-1.55,3.97,-1.45,4.45,-1.23,-0.57,2.17,3.4,1.3,-5.44,-0.65,3.16,-1.37,-3.62,-0.35,0.56,-1.41
"sample2_GATCGTAGTTAGGAGC-1",-14.94,11.42,-2.56,11.42,2.18,-7.21,-2.5,-1.36,12.29,0.03,0.72,5.46,4.2,6.85,-7.12,-2.04,2.52,-6.52,-0.92,0.65,2.92,-0.03,0.95,-2.61,-1.34,-4.6,1.32,1.17,-6.14,0.02,1.34,-1.76,2.53,-2.26,-2.01,0.4,1.16,-2.31,-1.85,-0.13,3.04,-1,0.21,-2.81,-4.23,2.56,0.72,2.54,3.78,-5.18
"sample2_GCAGCTGTCTAACACG-1",-20.53,-21.49,2.15,8.13,9.3,9.08,-1.91,-3.54,14.05,-18.43,-10.53,6.01,1.36,6.01,3.85,-3.89,-1.75,-4.62,-0.38,1.05,1.86,1.39,1.38,2.52,1.3,-1.74,-4.67,2.6,-2.33,1.43,3.82,7.75,-2.04,7.63,1.26,0.42,-2.53,-1.02,-1.2,1.48,2.04,1.55,0.26,-0.04,6.34,1.64,0.23,-3.99,0.47,3.44
"sample2_GCCAACGGTGTCATCA-1",-1.62,5.09,4.79,-3.19,-7.24,-7.75,-6.04,0.47,5.46,4,2.64,0.02,4.53,-2.25,1.85,2.98,-4.32,0.21,-0.03,2.22,-1.63,0.07,0.72,0.17,-5.07,1.05,0.86,2.92,-2.16,-2.45,0.1,3.8,-0.99,-3.63,2.62,0.75,2.39,-2.81,0.79,2.43,0.65,0.81,1.12,-2.49,0.51,-0.28,0,1.42,-0.55,-1.73
"sample2_GCTGCAGGTCCAACGC-1",-7.32,0.74,-3.02,0.48,-8.53,0.11,-9.91,4.2,8.46,-7.6,-10.37,0.44,6.18,13.22,9.76,1.28,-5.31,1.7,3.49,1.22,0.66,-4.38,-3.37,1.17,-0.39,2.14,2.87,-0.11,-2.41,-0.87,2.09,-4.73,0.41,5.47,3.07,2.53,-3.94,1.67,0.49,-2.8,-0.71,0.85,-0.13,-1.13,1.39,-0.48,3.21,6.62,-0.44,-6.31
"sample2_GGCGTCATCTACAGGT-1",-19.33,2.23,-14.57,8.35,-3.29,1.7,-9.61,16.17,-7.16,1.08,-7.07,-13.94,-5.29,15.08,-0.8,-2.15,-1.72,-0.62,-1.88,3.84,-3.91,5.49,-6.69,-4.2,-4.51,3.31,0.36,2.39,2.54,5.38,1.34,-0.83,-5,3.63,1.54,5.66,-3.3,3.7,-1.83,-0.81,0.58,-0.36,-4.04,-6.15,-4.03,4.02,1.83,1.97,0.54,1.71
"sample2_GGGATGATCTACTGAG-1",-12.28,41.03,-6.37,5.94,-5.12,-3.31,3.39,2.03,-0.84,2.39,-6.24,1.28,-6.13,-1.5,1.18,-4.99,0.27,0.14,3.65,-0.27,-1.85,-1.51,-4.98,2.5,2.11,-1.58,3.38,-0.45,2.88,-0.29,1.72,-5.05,-0.93,-1.9,2.83,1.36,-0.62,0.3,2.98,1.72,2.71,-1.51,-1.71,2.3,3.06,3.65,2.22,-2.1,-1.67,-2.66
"sample2_GGTAGAGAGCGTTACT-1",-8.93,23.45,-23.69,5.46,-7.49,6.03,0.16,-9.66,2.25,-0.56,0.41,6.04,-1.37,-3.73,-2.53,1.07,1.26,8.18,0.92,3.09,2.23,-4.66,-0.25,-0.54,-0.32,-2.27,-0.69,0.93,-4.65,1.15,-2.05,-4.85,-3.57,1.55,0.71,-7.73,-1.53,0,-7.91,-2.67,0.89,-1.59,-1.4,-1.64,0.7,-2.62,3.79,-3.86,-2.31,-3.17
"sample2_GTATTTCCACCCAAGC-1",-12.33,18.55,7.25,-2.35,15.33,10.54,0.66,-0.11,1.5,5.66,6.23,-3.21,-3.34,10.26,-11.47,4.51,6.63,-1.3,2.87,-6.25,-8.01,-2.24,0.84,-3.45,5.68,2.4,5.76,-0.71,-2.04,-0.58,-0.89,-2.16,7.2,3.02,0.51,-7.48,-2.12,2.18,-2.74,2.73,2.52,3.68,1.2,2.96,-3.5,-1.14,7.15,1.92,1.9,-4.33
"sample2_GTCCACTGTGTCCGGT-1",17.77,13.75,-7.34,-22.25,7.5,-7.72,-4.81,-3.92,-3.26,-9.7,0.5,11.61,-5.01,3.25,1.97,10.62,1.7,-4.09,-6.3,7.25,3.6,-1.22,3.9,-4.37,3.36,-0.32,2.41,-8.32,-0.72,4.12,-3.17,-0.95,-2.15,0.94,0.76,-0.58,-2.27,-3.87,2.29,-0.42,1.2,0.97,2.05,-1.25,2.85,1.33,-0.45,-1.15,0.61,3.18
"sample2_GTCCTCATCGACATAC-1",-33.07,-34.35,25.74,-10.45,-23.43,8.79,17.43,-0.57,-5.17,-0.47,-4.55,1.86,-12.45,-9.65,-4.29,0.16,7.65,-5.69,-5.5,-4.94,-2.73,-5.98,-1.92,-2.9,-3.19,-1.4,6.17,-2.07,4.6,-3.19,1.23,0.58,-3.28,1.98,4.09,2.68,-1.05,1.18,5.24,0.22,-3.39,-1.44,-1.33,-2.88,4.81,-4.41,3.02,2.67,-1.97,2.36
"sample2_GTCGTAATCTCGTGAA-1",-4.27,2.1,-7,8.71,0.98,-14.36,-7.93,-2.87,-4.02,-2.66,-3.92,-0.12,8.46,0.52,-8.03,-3.04,-2.22,2.3,5.09,1.73,-2.2,2.29,2.73,-1.33,1.73,6.51,5.41,1.84,-0.11,-2.98,-2.09,4.84,0.46,-2.51,0.01,0.32,2.5,0.07,4.98,-0.33,0.53,0.13,0.11,-0.07,3.56,-2.66,-1.96,-2.34,1.34,-1.46
"sample2_TACAACGGTCCTCCTA-1",-10.08,-2.59,12.99,-9.1,11.85,-1.21,-8.41,-6.51,6.33,-15.03,6.71,0.77,-5.23,0.56,-5.08,1.74,1.73,1.49,0.25,-3.69,-1.91,-4.1,-1.92,-1.29,-2.91,1.35,2.73,5.16,-0.7,1.51,-2.9,-0.43,0.66,0.81,0.32,-1.4,1.57,1.44,0.29,3.79,-0.94,0.54,-4.6,3.27,4.83,1.06,-0.05,0.8,-0.28,-6.12
"sample2_TACTTACTCTGAGATC-1",-5.4,-7.1,-8.61,-8.45,-1.99,-2.49,-8.85,4.96,-6.16,-0.4,-0.31,-3.52,-0.47,-10.72,1.44,-1.7,1.2,0.32,0.52,0.84,-3.24,7.01,0.66,1.49,-5.28,-1.71,5.9,-0.57,-8.22,-1.46,-2.07,-0.58,-2.53,-0.54,-2.14,2.61,1.45,-0.8,1.41,-0.63,7.26,0.77,2.51,-8.48,-1.63,0.81,-2.41,-9.18,-0.05,-1.42
"sample2_TACTTGTGTCGGTACC-1",-2.81,9.93,4.46,-0.32,-8.27,-7.08,-1.53,1.99,9.64,13.38,-1.43,2.96,0.19,-0.47,-0.78,-1.88,5.64,3.5,-2.92,5.02,-4.44,-3.14,0.66,3.44,2.46,1.56,-0.37,-4.57,-0.15,-0.6,0.94,2.81,3.97,-5.94,1.04,-2.08,6.13,3.54,-4.99,0.75,7.51,2.99,-0.49,3.89,1.96,3.68,-1.52,0.37,-2.75,-1.82
"sample2_TATCCTATCAGCCCAG-1",-15.38,1.23,16.76,-8.22,-6.73,15.08,2.57,5.07,-6.61,0.18,-8.44,2.31,-2.3,4.3,3.67,6.92,-0.2,-0.46,4.76,-7.65,-4.02,0.98,-2.59,7.12,-2.66,-0.43,0.58,4.86,-3.69,1.11,3.55,-2.85,-2.8,-2.21,5.01,-0.21,-4.8,0.86,3.03,-1.55,-0.69,-1.49,0.48,0.78,1.93,-0.05,-0.07,0.93,1.8,-1.49
"sample2_TCACACCCAAACTAAG-1",-25.78,-18.94,9.12,-0.35,8.12,-8.73,12.6,-10,-2.28,-0.89,4.87,8.63,0.82,-6.34,-11.35,0.72,0.44,6.51,0.82,3.78,0.77,7.31,-4.68,0.16,-1.15,1.8,6.43,-0.01,-3.92,8.91,-6.28,-6.64,0.14,-1.93,-2.33,4.64,-0.62,4.07,-2.59,3,-0.68,2.01,1.46,-2.02,-2.51,1.94,2.58,6.23,-1,-0.69
"sample2_TCAGCCTAGTATGGAT-1",12.75,24.56,16.8,-3.15,-1.03,-8.42,-8.5,-4.97,-3.36,1.78,-4.1,-1.24,-4.3,-0.35,-4.04,-3.15,2.59,-0.14,-1.59,0.66,-1.54,0.91,4,0.07,0.75,0.71,-2.78,1.74,-4.2,-1.11,-1.18,3.3,1.48,-4.28,0.88,-4.42,-4.63,2.01,-0.39,1.35,-1.36,-4.3,0.61,0.94,0.28,-1.84,0.04,1.81,1.72,0.59
"sample2_TCATATCAGGAGATAG-1",-19.2,24.85,-9.99,6.26,-3.39,4.33,7.28,-0.46,4.18,8.91,2.12,1.81,-7.98,-6.17,2.49,14.63,-3.77,2.34,2.24,-1.58,2,7.59,-1.55,-1.68,9.87,-6.22,-2.86,0.6,3.84,2.98,3.07,-2.19,0.2,-0.21,-1.22,-2.53,2.99,-7.59,0.27,-3.91,-2.41,-3.21,2.57,4,-2.29,-2.77,-2.1,3.86,0.89,-2.55
"sample2_TCATCATCAATTGCTG-1",-16.6,-7.55,7.18,-3.64,12.8,1.2,0.32,0.84,10.59,-10.29,0.01,6.3,4.88,-2.21,9.21,0.15,5.99,-3.53,-0.88,-3.23,-2.29,8.85,-0.32,0.86,-3.31,-4.53,-0.45,3.39,0.41,-0.02,-2.04,-1.59,-4.24,1.67,3.58,2.57,-2.26,-2.06,-1.55,3.52,-1.67,-1.13,-3.89,2.81,4.46,0.97,2.17,-0.22,1.33,-0.08
"sample2_TCATCCGTCCAGTGCG-1",-6.89,15.54,-2.78,7.61,11.49,1.63,-13.15,4.6,3.4,-3.32,1.83,-7.3,-7.68,2.12,-2.21,-6.58,5.07,-9.91,-4.61,6.61,5.56,0.13,1.78,-7.62,-3.84,-1.43,0.7,2.02,-7.16,0.97,1.42,-2.08,0.44,-3.48,-0.5,5.01,0.54,2.25,-3.17,-4.05,-1.95,0.74,0.5,-1.02,1.16,-6.36,-1.86,-0.56,0.93,-2.5
"sample2_TCCACGTGTGTCATTG-1",4.69,2.76,-9.98,7.28,0.82,-8.87,-8.52,-3.12,2.69,-6.46,3.82,-6.8,5.73,3.15,0.4,-6.1,-0.66,-3.58,0.34,3.73,-0.37,-3.45,-0.84,-1.23,-0.83,2.92,0.45,-1.9,3.25,-0.68,1.59,2.48,1.54,0.04,1.92,-0.68,-1.56,-0.72,-1.81,0.12,-3.06,-1.47,0.75,-1.5,-1.43,0.62,-1.19,0.01,-0.4,2.99
"sample2_TCGCTCAGTGGGACAT-1",-12.71,-6.48,4.96,-0.52,-7.44,-11.64,7.85,-8.04,1.53,-1.4,4.45,2.69,0.93,-6.08,-4.65,-1.99,-1.52,7.07,-2.79,2.69,-2.32,4.82,-0.57,-4.38,2.13,6.54,1.53,-5.06,0.39,1.44,4.2,-3.9,0.8,5.32,2.08,-0.62,0.81,-0.7,-0.98,-1.1,-2.82,-1.35,-1.78,-1.95,-0.21,3.97,4.69,1.98,-1.75,-1.96
"sample2_TCGCTTGCACCCTATC-1",9.87,4.47,-1.96,-0.62,-4.47,2.61,-12.89,1.54,-7.08,4.59,-10.99,-3.72,-8.49,-3.62,-0.84,-10.85,5.99,2.31,-3.02,8.27,2.64,0.62,-6.83,-5.09,-1.59,2.14,-2.68,-1.77,5.39,2.03,-2.6,-4.6,1.54,-1.96,4.35,3.17,-1.35,0.04,-3.3,-2.51,-3.26,0.42,-0.37,-0.86,0.39,2.2,3.52,-0.38,-1.74,1.12
"sample2_TCGGGACGTGAGTTGG-1",2.19,-4.69,-7.7,-19.49,-5.12,5.11,-6.92,0.34,-7.87,1.22,-5.28,6.18,13.22,0.32,1.45,7.06,1.01,2.93,-0.57,-1.71,4.87,4.36,2.84,-4.68,-1.25,0.7,-1.33,1.35,7.43,-0.58,-9.09,-2.14,11.11,-3.33,-5.21,-2.75,-2.86,-3.03,-1.99,-1.67,-3.91,2.87,0.45,-0.86,-5.14,1.9,-0.05,-8.31,3.54,0.68
"sample2_TCGTAGATCCCTAGGG-1",-23.91,-5.36,-13.29,-3.18,15,14.21,18.58,-9.48,-13.36,2.89,0.86,-1.23,5.47,-7.65,-1.93,4.73,0.5,6.98,1.77,6.05,-3.1,3.25,-2.39,5.64,8.42,-2.66,5.54,-2.77,-6.66,2.91,-0.71,-3.6,9.14,6.05,4.16,-3.05,-4.54,2.6,-1.83,-4.75,-1.35,8.54,1.22,0.86,3.27,-2.14,-2.16,-2.71,-1.38,1.8
"sample2_TGCGATAAGCTAGAGC-1",-7.74,-5.9,-37.47,-14.4,-16.44,0.74,-0.72,14.21,-1.27,-4.13,-3.15,4.04,6.98,4.39,2.95,6.4,-5.53,12.63,10.29,-2.11,8.54,-12.66,1.22,-12.67,-6.56,-11.01,7.11,1.71,-11.22,5.54,6.78,-3.38,-3.04,4.75,-4.31,-0.55,-5.36,7.78,-2.46,8.53,-11.87,2.29,10.19,4.43,-3.51,1.46,1.21,0.97,0.96,0.54
"sample2_TGCGATACAGCACACC-1",11.56,-20.76,-24.98,-6.65,-6.69,9.98,-9.74,-20.2,-3.68,-10.81,4.94,6.87,3.22,1.87,9.06,-4.57,4.66,7.55,-7.53,-4.99,1.07,3.65,8.63,-2.04,-0.49,9.08,2.44,2.39,-10.48,3.12,2.42,-0.82,-0.42,-7.02,1.92,2.28,3.33,-0.61,-1.29,-0.78,7.35,-2.34,5.25,-8.73,-7.38,6.05,1.99,3.46,6.84,1.77
"sample2_TGCTTGCGTAACACCT-1",-13.44,-17.45,12.34,-3.62,-11.3,8.12,-4.63,-7.97,-1.66,-2.14,-2.25,-4.41,10.01,-5.06,-2.08,-3.29,-2,-5.96,0.95,-4.7,4.28,2.82,2.54,6.25,0.88,2.12,1.89,-3.41,-1.84,0.25,-2.51,3.29,-2.11,-3.57,0.32,0.89,-4.11,-1.21,1.2,-1.67,-6.67,-1.93,1.85,2.03,-1.64,-3.22,-3.52,-1.87,1.98,-5.95
"sample2_TGTAAGCAGCCATTCA-1",6.88,7.37,-27.92,-23.96,9.34,-17.38,5.25,8.02,-15.09,12.12,-6.06,16.71,4.73,-0.79,-4.25,8.36,17.32,-1.37,-6.28,-1.02,10.65,-0.15,-2.67,-3.63,-6.72,-16.68,-4.36,-7.44,-1.77,12.34,-5.51,4.47,-11.89,-2.4,8.02,-5.45,-2.68,-9.62,-3.21,-1.42,4.38,-2.84,-3.28,5.15,6.08,1.96,-3.1,-3.21,-3.94,-0.98
"sample2_TGTAGACCACAATGAA-1",-16.4,14.48,-5.67,8.99,0.1,-5.91,-4.64,0.06,-6,1.07,-5.36,0.08,-1.63,0.58,1.05,5.28,-0.61,-2.79,3.83,-2.04,0.05,4.47,1.11,6.77,-1.85,0.7,2.79,4.88,4.49,1.64,9.05,1.57,0.76,-7.79,-2.22,-4.12,-2.99,-0.22,-0.57,-1.74,3,-1.61,2.89,1.33,-0.95,-2.98,1.05,-0.04,1.54,3.66
"sample2_TGTGGCGCATAACAGA-1",-1.31,-1.45,16.78,3.66,5.91,-3.2,-1.12,-8.03,3.38,-4.32,-7.47,-0.18,4.15,3.25,0.4,1.5,4.16,4.63,2,0.79,2.32,5.14,0.13,-0.85,0.3,-7.3,-5.61,-1.09,-0.06,3.78,2.06,4.43,-2.61,-5.82,-4.22,-0.36,2.01,-3.62,0.4,-2.14,8.37,-2.23,3.98,-0.29,-4.46,0.19,2.05,-1.38,0.72,0.76
"sample2_TTACCGCGTTGGATCT-1",-2.98,-2.05,2.82,12.78,7.24,-10.23,-11.31,-9.3,-1.22,-3.22,-2.76,2.14,7.3,2.32,-5.82,-4.72,0.03,-0.85,2.01,-1.74,2.65,1.45,0.52,-0.41,-0.2,1.09,-0.59,0.15,-1.55,-0.79,1.59,0.04,1.67,0.05,0.04,0.84,-4.76,0.29,1.58,-1.73,-2.18,-0.35,0.91,1.49,-0.43,-3.67,-0.41,0.4,1.32,4.23
"sample2_TTCTAGTTCCAACTGA-1",-9.53,14.13,-7.06,3.85,2.18,-4.14,-0.09,1.28,8.42,3.36,2.09,6.47,5.97,-1.93,6.87,3.06,-1.27,-2.04,-0.66,-1.43,2.4,0.63,-0.38,2.33,-5.32,-6.75,1.89,-1.22,-4.27,1.89,-2.98,-3.89,-6.61,2.29,-0.7,3.05,2.2,-1.62,1.64,-0.52,0.18,1.24,-0.35,5.16,1.96,-2.72,-3.25,-1.43,1.26,-1.3
"sample2_TTCTGTACATATCGGT-1",-10.34,23.67,-23.78,-5.98,14.35,32.81,-9.79,6.14,-10.31,-1.03,7.1,-19.14,-2.09,0.89,-12.86,16.08,2.5,8.53,3.29,-6.65,1.86,10.95,8.54,-5.9,4.46,-4.42,-6.6,-12.28,13.09,-8.42,14.56,7.81,1.36,-1.17,-13.29,5.78,0.15,3.05,-1.4,-2.78,-2.07,2.61,-10.63,-0.31,1.98,-3.41,8.98,10.86,7.84,7.09
"sample2_TTGGGCGCAATCTGCA-1",-6.64,1.49,2.78,5.61,6.54,-9.08,-14.16,-1.71,-1.77,-5.15,-0.26,-1.05,3.19,3.37,-2.75,-2.65,-2.49,-3.75,-2.55,-1,0.41,-0.98,-1.16,0.94,0.74,-0.89,-3.5,-1.32,-1.35,0.76,-1.03,2.93,4.24,-1.67,-0.38,-2.96,-0.99,-1.86,-1.52,1.03,-1.44,-1.03,1.1,3.54,-0.4,-0.78,-1.11,0.98,-1.88,3.26
